<TICKER>,<DTYYYYMMDD>,<FIRST>,<HIGH>,<LOW>,<CLOSE>,<VALUE>,<VOL>,<OPENINT>,<PER>,<OPEN>,<LAST>
Saba.Tamin.Inv.,20220817,4860.00,4915.00,4783.00,4841.00,39915743559,8221538,871,D,4834.00,4840.00
Saba.Tamin.Inv.,20220816,4896.00,4950.00,4822.00,4834.00,62585759344,12827819,1250,D,4790.00,4883.00
Saba.Tamin.Inv.,20220815,4850.00,4890.00,4812.00,4790.00,34254843651,7054676,965,D,4765.00,4868.00
Saba.Tamin.Inv.,20220814,4890.00,4890.00,4811.00,4765.00,40606340104,8406219,1034,D,4733.00,4829.00
Saba.Tamin.Inv.,20220813,4710.00,4895.00,4710.00,4733.00,48037988541,9957583,1119,D,4675.00,4830.00
Saba.Tamin.Inv.,20220810,4687.00,4770.00,4687.00,4675.00,22277367870,4723237,707,D,4666.00,4713.00
Saba.Tamin.Inv.,20220809,4700.00,4790.00,4680.00,4666.00,47341402486,9981113,1293,D,4619.00,4756.00
Saba.Tamin.Inv.,20220806,4670.00,4843.00,4651.00,4619.00,33290175786,6997862,1109,D,4569.00,4725.00
Saba.Tamin.Inv.,20220803,4560.00,4780.00,4550.00,4569.00,24711606514,5282260,1001,D,4542.00,4660.00
Saba.Tamin.Inv.,20220802,4600.00,4600.00,4520.00,4542.00,23645755577,5190049,761,D,4538.00,4592.00
Saba.Tamin.Inv.,20220801,4512.00,4594.00,4512.00,4538.00,23944996972,5277667,720,D,4538.00,4539.00
Saba.Tamin.Inv.,20220731,4530.00,4550.00,4470.00,4538.00,28144326914,6246563,943,D,4548.00,4537.00
Saba.Tamin.Inv.,20220730,4500.00,4609.00,4500.00,4548.00,44182917124,9684470,994,D,4540.00,4533.00
Saba.Tamin.Inv.,20220727,4550.00,4599.00,4510.00,4540.00,23181828821,5072766,793,D,4533.00,4575.00
Saba.Tamin.Inv.,20220726,4470.00,4580.00,4470.00,4533.00,42425421962,9372015,1005,D,4536.00,4539.00
Saba.Tamin.Inv.,20220725,4506.00,4560.00,4411.00,4536.00,61495644972,13714226,1172,D,4591.00,4445.00
Saba.Tamin.Inv.,20220724,4691.00,4754.00,4550.00,4591.00,38325833019,8311218,1214,D,4582.00,4568.00
Saba.Tamin.Inv.,20220723,4611.00,4769.00,4552.00,4582.00,48104218627,10317766,1308,D,4531.00,4700.00
Saba.Tamin.Inv.,20220720,4500.00,4600.00,4500.00,4531.00,25151130771,5532277,918,D,4527.00,4540.00
Saba.Tamin.Inv.,20220719,4490.00,4550.00,4480.00,4527.00,22328461510,4927132,935,D,4526.00,4530.00
Saba.Tamin.Inv.,20220717,4530.00,4530.00,4492.00,4526.00,54389608935,12067582,962,D,4543.00,4506.00
Saba.Tamin.Inv.,20220716,4501.00,4572.00,4490.00,4543.00,50162807414,11139523,1219,D,4572.00,4530.00
Saba.Tamin.Inv.,20220713,4504.00,4635.00,4504.00,4572.00,23569818407,5161374,761,D,4573.00,4554.00
Saba.Tamin.Inv.,20220712,4501.00,4640.00,4493.00,4573.00,31202458605,6878680,987,D,4587.00,4550.00
Saba.Tamin.Inv.,20220711,4586.00,4586.00,4502.00,4587.00,42583683610,9399425,1167,D,4620.00,4510.00
Saba.Tamin.Inv.,20220709,4577.00,4650.00,4575.00,4620.00,46194740457,10050053,1187,D,4635.00,4585.00
Saba.Tamin.Inv.,20220706,4610.00,4628.00,4580.00,4635.00,43171148161,9394027,985,D,4658.00,4591.00
Saba.Tamin.Inv.,20220705,4662.00,4662.00,4590.00,4658.00,62691524842,13551933,1050,D,4696.00,4622.00
Saba.Tamin.Inv.,20220704,4620.00,4810.00,4620.00,4696.00,40794562171,8722629,1186,D,4706.00,4668.00
Saba.Tamin.Inv.,20220703,4601.00,4655.00,4572.00,4706.00,37889897236,8173940,1065,D,4740.00,4637.00
Saba.Tamin.Inv.,20220702,4670.00,4729.00,4610.00,4740.00,30390379214,6521095,1050,D,4768.00,4630.00
Saba.Tamin.Inv.,20220629,4730.00,4780.00,4664.00,4768.00,24815923293,5277273,1017,D,4786.00,4727.00
Saba.Tamin.Inv.,20220628,4798.00,4800.00,4711.00,4786.00,28292987354,5928805,1133,D,4791.00,4753.00
Saba.Tamin.Inv.,20220627,4702.00,4844.00,4678.00,4791.00,55168002685,11653130,1589,D,4844.00,4752.00
Saba.Tamin.Inv.,20220626,4780.00,4821.00,4720.00,4844.00,65563223325,13693897,1317,D,4916.00,4724.00
Saba.Tamin.Inv.,20220625,4950.00,4950.00,4800.00,4916.00,43620236179,8988036,1359,D,4953.00,4815.00
Saba.Tamin.Inv.,20220622,4900.00,4960.00,4880.00,4953.00,47873282714,9733555,1454,D,4976.00,4920.00
Saba.Tamin.Inv.,20220621,4830.00,5050.00,4830.00,4976.00,153949613765,30939286,2024,D,4963.00,4930.00
Saba.Tamin.Inv.,20220620,4900.00,5050.00,4851.00,4963.00,152447312606,30714377,1995,D,4888.00,4899.00
Saba.Tamin.Inv.,20220619,4869.00,4935.00,4850.00,4888.00,68397040538,14037414,1487,D,4910.00,4851.00
Saba.Tamin.Inv.,20220618,4860.00,5049.00,4807.00,4910.00,55986796293,11518647,1398,D,4955.00,4910.00
Saba.Tamin.Inv.,20220615,4891.00,5076.00,4854.00,4955.00,128435667717,25919210,1620,D,4998.00,4946.00
Saba.Tamin.Inv.,20220614,5008.00,5025.00,4910.00,4998.00,159267207902,31866609,1914,D,4968.00,4922.00
Saba.Tamin.Inv.,20220613,4910.00,5044.00,4860.00,4968.00,145961694488,29380060,1959,D,4845.00,4970.00
Saba.Tamin.Inv.,20220612,4722.00,4920.00,4720.00,4845.00,152366092919,31445625,2090,D,4772.00,4900.00
Saba.Tamin.Inv.,20220611,4712.00,4808.00,4712.00,4772.00,73004743179,15298419,1536,D,4773.00,4772.00
Saba.Tamin.Inv.,20220608,4703.00,4855.00,4703.00,4773.00,71282917424,14899092,1609,D,4757.00,4850.00
Saba.Tamin.Inv.,20220607,4750.00,4800.00,4680.00,4757.00,48296766024,10190959,1686,D,4769.00,4765.00
Saba.Tamin.Inv.,20220606,4725.00,4887.00,4700.00,4769.00,77279960472,16330593,1713,D,4840.00,4712.00
Saba.Tamin.Inv.,20220601,4850.00,4880.00,4787.00,4840.00,34061489233,7064953,1175,D,4848.00,4808.00
Saba.Tamin.Inv.,20220531,4800.00,4898.00,4790.00,4848.00,39731634506,8179921,1336,D,4843.00,4875.00
Saba.Tamin.Inv.,20220530,4800.00,4899.00,4800.00,4843.00,53077628918,10947618,1593,D,4839.00,4866.00
Saba.Tamin.Inv.,20220529,4869.00,4870.00,4701.00,4839.00,59627186918,12401434,1943,D,4870.00,4842.00
Saba.Tamin.Inv.,20220528,4851.00,4932.00,4801.00,4870.00,69830690165,14398787,1737,D,4900.00,4810.00
Saba.Tamin.Inv.,20220525,4800.00,4950.00,4800.00,4900.00,99479120510,20293856,2048,D,4890.00,4950.00
Saba.Tamin.Inv.,20220524,4800.00,4980.00,4750.00,4890.00,88520449320,18095749,1712,D,4880.00,4910.00
Saba.Tamin.Inv.,20220523,5000.00,5020.00,4760.00,4880.00,119873884380,24571423,2198,D,5020.00,4840.00
Saba.Tamin.Inv.,20220522,4980.00,5060.00,4930.00,5020.00,111142583170,22134851,2218,D,5020.00,5050.00
Saba.Tamin.Inv.,20220521,5000.00,5060.00,4880.00,5020.00,82646586480,16571248,2086,D,5086.00,4990.00
Saba.Tamin.Inv.,20220518,5096.00,5120.00,5000.00,5086.00,94448861188,18663705,2999,D,5170.00,5070.00
Saba.Tamin.Inv.,20220517,5190.00,5235.00,5096.00,5170.00,123387592115,23856948,3112,D,5096.00,5161.00
Saba.Tamin.Inv.,20220516,5000.00,5192.00,5000.00,5096.00,144871274230,28428972,3823,D,4981.00,5190.00
Saba.Tamin.Inv.,20220515,4938.00,5038.00,4900.00,4981.00,155107033337,31137703,3241,D,4935.00,5021.00
Saba.Tamin.Inv.,20220514,4950.00,5070.00,4888.00,4935.00,117546304857,23819595,3147,D,4931.00,4970.00
Saba.Tamin.Inv.,20220511,4804.00,5048.00,4804.00,4931.00,141526776099,28700762,3246,D,4793.00,4984.00
Saba.Tamin.Inv.,20220510,4767.00,4850.00,4690.00,4793.00,179879323911,37531191,2810,D,4781.00,4849.00
Saba.Tamin.Inv.,20220509,4712.00,4848.00,4712.00,4781.00,167899885629,35116458,3421,D,4693.00,4794.00
Saba.Tamin.Inv.,20220508,4625.00,4787.00,4625.00,4693.00,167157991506,35615031,4180,D,4625.00,4780.00
Saba.Tamin.Inv.,20220507,4649.00,4665.00,4600.00,4625.00,104799901688,22640555,3285,D,4598.00,4630.00
Saba.Tamin.Inv.,20220502,4551.00,4629.00,4520.00,4598.00,124330651977,27040808,2655,D,4576.00,4629.00
Saba.Tamin.Inv.,20220501,4567.00,4608.00,4550.00,4576.00,139649209565,30518457,2959,D,4612.00,4579.00
Saba.Tamin.Inv.,20220430,4583.00,4649.00,4583.00,4612.00,147535476927,31992314,3825,D,4700.00,4610.00
Saba.Tamin.Inv.,20220427,4830.00,4830.00,4610.00,4700.00,187549349200,39901620,5283,D,4749.00,4677.00
Saba.Tamin.Inv.,20220426,4670.00,4825.00,4600.00,4749.00,210725216551,44371689,3546,D,4670.00,4767.00
Saba.Tamin.Inv.,20220425,4694.00,4718.00,4530.00,4670.00,212464968888,45498879,3526,D,4694.00,4670.00
Saba.Tamin.Inv.,20220424,4590.00,4717.00,4474.00,4694.00,568365005703,121077344,7586,D,4450.00,4670.00
Saba.Tamin.Inv.,20220420,4450.00,4450.00,4450.00,4450.00,205176185600,46107008,983,D,3980.00,4450.00
Saba.Tamin.Inv.,20220412,6170.00,6200.00,5880.00,5960.00,207579359080,34833666,3329,D,6180.00,5880.00
Saba.Tamin.Inv.,20220411,6100.00,6230.00,6090.00,6180.00,191745670590,31005407,2911,D,6100.00,6210.00
Saba.Tamin.Inv.,20220410,6020.00,6150.00,6020.00,6100.00,122665464360,20113655,2161,D,5980.00,6150.00
Saba.Tamin.Inv.,20220409,6000.00,6050.00,5850.00,5980.00,93920423580,15741872,1910,D,6050.00,6000.00
Saba.Tamin.Inv.,20220406,6100.00,6150.00,5970.00,6050.00,75460557950,12518303,1983,D,6110.00,6010.00
Saba.Tamin.Inv.,20220405,6090.00,6170.00,5970.00,6110.00,109919915280,18003656,2164,D,6120.00,6140.00
Saba.Tamin.Inv.,20220404,6220.00,6260.00,6000.00,6120.00,92565984660,15132262,2260,D,6160.00,6050.00
Saba.Tamin.Inv.,20220403,6080.00,6280.00,6030.00,6160.00,134134601230,21765659,2512,D,6030.00,6250.00
Saba.Tamin.Inv.,20220330,6020.00,6150.00,5970.00,6030.00,73170755730,12075227,1792,D,5980.00,6060.00
Saba.Tamin.Inv.,20220329,5950.00,6070.00,5810.00,5980.00,146223162520,24463187,2849,D,5790.00,6020.00
Saba.Tamin.Inv.,20220328,0.00,0.00,0.00,5790.00,69764563140,12014116,1547,D,5790.00,5820.00
Saba.Tamin.Inv.,20220327,5790.00,5850.00,5720.00,5790.00,69764563140,12014116,1547,D,5760.00,5820.00
Saba.Tamin.Inv.,20220326,5850.00,5880.00,5690.00,5760.00,71669037720,12417943,1771,D,5720.00,5800.00
Saba.Tamin.Inv.,20220319,5580.00,5730.00,5580.00,5720.00,131789404020,23037614,1378,D,5460.00,5730.00
Saba.Tamin.Inv.,20220316,5420.00,5560.00,5380.00,5460.00,60019921290,10877194,1540,D,5370.00,5540.00
Saba.Tamin.Inv.,20220315,5380.00,5420.00,5320.00,5370.00,44402348410,8282058,1443,D,5380.00,5420.00
Saba.Tamin.Inv.,20220314,5400.00,5440.00,5320.00,5380.00,53382096310,9961239,1516,D,5400.00,5370.00
Saba.Tamin.Inv.,20220313,5350.00,5420.00,5320.00,5400.00,54863974120,10239736,1726,D,5460.00,5350.00
Saba.Tamin.Inv.,20220312,5550.00,5550.00,5370.00,5460.00,64577974220,11934854,2001,D,5560.00,5420.00
Saba.Tamin.Inv.,20220309,5660.00,5660.00,5490.00,5560.00,104987732130,18889084,2308,D,5600.00,5550.00
Saba.Tamin.Inv.,20220308,5600.00,5660.00,5560.00,5600.00,103325036210,18436690,1411,D,5720.00,5610.00
Saba.Tamin.Inv.,20220307,5690.00,5780.00,5640.00,5720.00,103568159560,18120613,2664,D,5580.00,5640.00
Saba.Tamin.Inv.,20220306,5570.00,5710.00,5500.00,5580.00,90309307550,16170515,2631,D,5550.00,5610.00
Saba.Tamin.Inv.,20220305,5540.00,5640.00,5500.00,5550.00,83775192850,15076813,2053,D,5540.00,5560.00
Saba.Tamin.Inv.,20220302,5610.00,5610.00,5490.00,5540.00,66971100830,12139339,1689,D,5580.00,5500.00
Saba.Tamin.Inv.,20220228,5620.00,5620.00,5520.00,5580.00,48801300080,8781508,1474,D,5610.00,5530.00
Saba.Tamin.Inv.,20220227,5560.00,5620.00,5510.00,5610.00,39035062160,7028208,1372,D,5650.00,5590.00
Saba.Tamin.Inv.,20220226,5670.00,5670.00,5550.00,5650.00,35932030330,6428649,1479,D,5680.00,5550.00
Saba.Tamin.Inv.,20220223,5650.00,5750.00,5600.00,5680.00,42444757860,7497651,1306,D,5690.00,5700.00
Saba.Tamin.Inv.,20220222,5710.00,5750.00,5630.00,5690.00,23476403020,4140726,1017,D,5690.00,5700.00
Saba.Tamin.Inv.,20220221,5700.00,5790.00,5660.00,5690.00,50885859980,8885869,1613,D,5660.00,5760.00
Saba.Tamin.Inv.,20220220,5630.00,5650.00,5540.00,5660.00,39518197820,7084362,1671,D,5720.00,5620.00
Saba.Tamin.Inv.,20220219,5710.00,5730.00,5620.00,5720.00,44895280710,7931427,1691,D,5770.00,5660.00
Saba.Tamin.Inv.,20220216,5830.00,5830.00,5700.00,5770.00,30399866830,5302282,1426,D,5790.00,5730.00
Saba.Tamin.Inv.,20220214,5780.00,5870.00,5680.00,5790.00,46176806050,7989922,1455,D,5800.00,5750.00
Saba.Tamin.Inv.,20220213,5830.00,5830.00,5700.00,5800.00,35273701910,6143601,1265,D,5830.00,5730.00
Saba.Tamin.Inv.,20220212,5950.00,5950.00,5720.00,5830.00,58413389160,10074071,1818,D,5870.00,5760.00
Saba.Tamin.Inv.,20220209,5930.00,5930.00,5780.00,5870.00,41606082150,7137354,2158,D,5900.00,5870.00
Saba.Tamin.Inv.,20220208,5790.00,5970.00,5790.00,5900.00,34621823860,5906650,1449,D,5920.00,5850.00
Saba.Tamin.Inv.,20220207,5810.00,5910.00,5720.00,5920.00,51214209080,8724858,1492,D,5960.00,5900.00
Saba.Tamin.Inv.,20220206,6080.00,6080.00,5800.00,5960.00,66205100200,11266171,1623,D,6090.00,5810.00
Saba.Tamin.Inv.,20220205,6130.00,6150.00,6010.00,6090.00,79114085410,13026516,1979,D,6120.00,6070.00
Saba.Tamin.Inv.,20220202,6080.00,6170.00,6020.00,6120.00,62247531120,10189699,1597,D,6140.00,6150.00
Saba.Tamin.Inv.,20220201,6160.00,6180.00,6100.00,6140.00,101204266080,16465341,1854,D,6110.00,6170.00
Saba.Tamin.Inv.,20220131,6010.00,6170.00,6010.00,6110.00,82983043410,13566450,1635,D,6100.00,6130.00
Saba.Tamin.Inv.,20220130,6170.00,6210.00,6000.00,6100.00,112426915590,18445710,2031,D,6030.00,6100.00
Saba.Tamin.Inv.,20220129,5940.00,6060.00,5940.00,6030.00,117398072040,19478077,2378,D,5780.00,6060.00
Saba.Tamin.Inv.,20220126,5700.00,5900.00,5700.00,5780.00,78661595150,13559360,2009,D,5730.00,5750.00
Saba.Tamin.Inv.,20220125,5900.00,5930.00,5620.00,5730.00,168618856980,29416905,2763,D,5910.00,5680.00
Saba.Tamin.Inv.,20220124,5900.00,6010.00,5740.00,5910.00,101824949930,17228163,2143,D,5950.00,5810.00
Saba.Tamin.Inv.,20220123,6030.00,6030.00,5850.00,5950.00,97330859070,16374175,1830,D,6030.00,5900.00
Saba.Tamin.Inv.,20220122,6160.00,6170.00,5950.00,6030.00,45328954060,7508485,1287,D,6030.00,5960.00
Saba.Tamin.Inv.,20220119,6040.00,6150.00,5970.00,6030.00,67678033450,11235015,1435,D,6050.00,6150.00
Saba.Tamin.Inv.,20220118,6170.00,6170.00,5890.00,6050.00,75576735700,12603376,1708,D,6160.00,5920.00
Saba.Tamin.Inv.,20220117,6170.00,6220.00,6090.00,6160.00,56361266980,9158361,1299,D,6170.00,6130.00
Saba.Tamin.Inv.,20220116,6140.00,6240.00,6090.00,6170.00,138803128740,22479561,2132,D,6210.00,6170.00
Saba.Tamin.Inv.,20220115,6230.00,6250.00,6120.00,6210.00,107643505010,17338515,2031,D,6180.00,6200.00
Saba.Tamin.Inv.,20220112,6180.00,6210.00,6080.00,6180.00,113122358580,18289813,2128,D,6120.00,6210.00
Saba.Tamin.Inv.,20220111,6110.00,6160.00,6030.00,6120.00,139092581610,22742964,1970,D,6050.00,6150.00
Saba.Tamin.Inv.,20220110,6040.00,6110.00,5930.00,6050.00,115865122200,19144301,1695,D,6040.00,6070.00
Saba.Tamin.Inv.,20220109,6120.00,6150.00,5930.00,6040.00,145054378220,24006074,2032,D,6070.00,6000.00
Saba.Tamin.Inv.,20220108,6090.00,6160.00,6020.00,6070.00,75573769950,12469108,1640,D,6089.00,6040.00
Saba.Tamin.Inv.,20220105,6080.00,6099.00,6044.00,6089.00,56156588852,9275024,1475,D,6126.00,6079.00
Saba.Tamin.Inv.,20220104,6089.00,6160.00,6035.00,6126.00,46711430305,7681929,1253,D,6160.00,6099.00
Saba.Tamin.Inv.,20220103,6189.00,6200.00,6102.00,6160.00,77377967123,12585925,1413,D,6189.00,6156.00
Saba.Tamin.Inv.,20220102,6195.00,6230.00,6102.00,6189.00,109351054434,17668302,1785,D,6182.00,6102.00
Saba.Tamin.Inv.,20220101,6290.00,6290.00,6050.00,6182.00,94390169404,15303146,1834,D,6264.00,6199.00
Saba.Tamin.Inv.,20211229,6390.00,6390.00,6112.00,6264.00,153554749771,24512801,2498,D,6347.00,6165.00
Saba.Tamin.Inv.,20211228,6389.00,6424.00,6255.00,6347.00,73950960528,11691614,1772,D,6388.00,6289.00
Saba.Tamin.Inv.,20211227,6310.00,6499.00,6240.00,6388.00,274675707436,43000141,2905,D,6278.00,6318.00
Saba.Tamin.Inv.,20211226,6230.00,6330.00,6175.00,6278.00,100441768625,16013562,2047,D,6320.00,6254.00
Saba.Tamin.Inv.,20211225,6300.00,6455.00,6202.00,6320.00,133789931564,21169994,2671,D,6265.00,6280.00
Saba.Tamin.Inv.,20211222,6099.00,6288.00,6097.00,6265.00,136534262498,21793367,2706,D,5989.00,6288.00
Saba.Tamin.Inv.,20211221,6000.00,6096.00,5978.00,5989.00,65971201440,10926099,1526,D,5914.00,6030.00
Saba.Tamin.Inv.,20211220,5895.00,6000.00,5831.00,5914.00,57133045960,9639146,2037,D,5898.00,5927.00
Saba.Tamin.Inv.,20211219,5999.00,5999.00,5780.00,5898.00,58156517002,9909981,1769,D,5935.00,5819.00
Saba.Tamin.Inv.,20211218,5900.00,6015.00,5880.00,5935.00,65535626746,11035151,2207,D,5929.00,6000.00
Saba.Tamin.Inv.,20211215,6006.00,6009.00,5831.00,5929.00,60816673274,10297830,1945,D,5961.00,5888.00
Saba.Tamin.Inv.,20211214,6005.00,6005.00,5904.00,5961.00,115490715271,19373482,2353,D,5968.00,5943.00
Saba.Tamin.Inv.,20211213,6009.00,6090.00,5775.00,5968.00,167704508809,28100156,2855,D,5974.00,5900.00
Saba.Tamin.Inv.,20211212,6010.00,6030.00,5916.00,5974.00,119065691076,19930025,1989,D,6032.00,6003.00
Saba.Tamin.Inv.,20211211,6030.00,6124.00,6002.00,6032.00,88986889567,14778065,1974,D,6078.00,6009.00
Saba.Tamin.Inv.,20211208,6046.00,6114.00,6028.00,6078.00,80989331612,13336927,2338,D,6095.00,6060.00
Saba.Tamin.Inv.,20211207,6127.00,6127.00,6073.00,6095.00,106306074307,17438194,1919,D,6072.00,6081.00
Saba.Tamin.Inv.,20211206,6100.00,6170.00,6040.00,6072.00,77456092368,12739458,1915,D,6053.00,6048.00
Saba.Tamin.Inv.,20211205,6001.00,6210.00,5999.00,6053.00,85060680581,14020024,2506,D,6003.00,6040.00
Saba.Tamin.Inv.,20211204,6011.00,6086.00,5972.00,6003.00,102041230823,16996001,2413,D,5988.00,6001.00
Saba.Tamin.Inv.,20211201,6000.00,6011.00,5920.00,5988.00,335002209747,55942811,2428,D,6000.00,6007.00
Saba.Tamin.Inv.,20211130,6030.00,6050.00,5975.00,6000.00,111860393818,18642042,2693,D,6025.00,5993.00
Saba.Tamin.Inv.,20211129,6050.00,6080.00,5996.00,6025.00,112702820180,18705774,2620,D,6033.00,6030.00
Saba.Tamin.Inv.,20211128,6001.00,6140.00,6001.00,6033.00,93838575968,15541737,2443,D,6001.00,6010.00
Saba.Tamin.Inv.,20211127,6100.00,6100.00,5961.00,6001.00,161286122752,26875804,2832,D,6073.00,5990.00
Saba.Tamin.Inv.,20211124,6080.00,6159.00,6025.00,6073.00,87142500762,14375382,2916,D,6115.00,6081.00
Saba.Tamin.Inv.,20211123,6170.00,6210.00,6070.00,6115.00,121308479517,19839022,3641,D,6227.00,6081.00
Saba.Tamin.Inv.,20211122,6320.00,6380.00,6191.00,6227.00,89590397249,14339051,3185,D,6147.00,6242.00
Saba.Tamin.Inv.,20211121,6000.00,6305.00,5968.00,6147.00,138612758519,22548616,3648,D,6030.00,6259.00
Saba.Tamin.Inv.,20211120,6064.00,6190.00,5993.00,6030.00,117307675757,19455192,2832,D,6122.00,6028.00
Saba.Tamin.Inv.,20211117,6075.00,6219.00,6075.00,6122.00,101925454073,16639950,3073,D,6086.00,6092.00
Saba.Tamin.Inv.,20211116,6019.00,6169.00,6011.00,6086.00,79222063261,13037031,2435,D,6112.00,6073.00
Saba.Tamin.Inv.,20211115,6320.00,6320.00,6031.00,6112.00,124740190205,20410715,3263,D,6219.00,6067.00
Saba.Tamin.Inv.,20211114,6190.00,6332.00,6150.00,6219.00,159757143345,25689034,3608,D,6213.00,6150.00
Saba.Tamin.Inv.,20211113,6300.00,6300.00,6165.00,6213.00,117158690621,18857372,3962,D,6431.00,6188.00
Saba.Tamin.Inv.,20211110,6220.00,6621.00,6220.00,6431.00,190229518580,29578207,5242,D,6306.00,6453.00
Saba.Tamin.Inv.,20211109,6330.00,6346.00,6200.00,6306.00,43747058541,6981614,1198,D,6331.00,6290.00
Saba.Tamin.Inv.,20211108,6212.00,6470.00,6165.00,6331.00,94986949538,15004907,2905,D,6335.00,6322.00
Saba.Tamin.Inv.,20211107,6475.00,6594.00,6202.00,6335.00,167732204496,26475405,5110,D,6528.00,6258.00
Saba.Tamin.Inv.,20211106,6330.00,6543.00,6330.00,6528.00,292110092524,44749113,4113,D,6232.00,6475.00
Saba.Tamin.Inv.,20211103,6111.00,6360.00,6021.00,6232.00,131703839100,21135092,3815,D,6076.00,6350.00
Saba.Tamin.Inv.,20211102,6080.00,6146.00,5931.00,6076.00,81755522264,13396593,3101,D,6000.00,6119.00
Saba.Tamin.Inv.,20211101,5900.00,6051.00,5900.00,6000.00,162272693991,27045617,3895,D,5763.00,5979.00
Saba.Tamin.Inv.,20211031,5997.00,5997.00,5715.00,5763.00,243044013772,42172133,4934,D,6015.00,5715.00
Saba.Tamin.Inv.,20211030,6150.00,6150.00,5925.00,6015.00,166914615044,27748552,4383,D,6088.00,5972.00
Saba.Tamin.Inv.,20211027,6100.00,6207.00,6018.00,6088.00,115345116791,18947565,3140,D,6095.00,6120.00
Saba.Tamin.Inv.,20211026,6020.00,6209.00,6020.00,6095.00,90784210501,14867323,2849,D,6043.00,6069.00
Saba.Tamin.Inv.,20211025,6028.00,6126.00,6000.00,6043.00,134538259033,22265189,3833,D,6126.00,6110.00
Saba.Tamin.Inv.,20211023,6292.00,6380.00,6040.00,6126.00,137203099043,22395168,3045,D,6288.00,6079.00
Saba.Tamin.Inv.,20211020,6350.00,6358.00,6200.00,6288.00,110252755831,17534708,2523,D,6294.00,6290.00
Saba.Tamin.Inv.,20211019,6280.00,6419.00,6280.00,6294.00,67785213117,10652478,2730,D,6193.00,6343.00
Saba.Tamin.Inv.,20211018,6140.00,6350.00,6100.00,6193.00,120953030173,19529158,3008,D,6281.00,6300.00
Saba.Tamin.Inv.,20211017,6588.00,6588.00,6100.00,6281.00,151550142723,24129050,4311,D,6356.00,6254.00
Saba.Tamin.Inv.,20211016,6395.00,6395.00,6320.00,6356.00,100389572432,15698528,1771,D,6091.00,6395.00
Saba.Tamin.Inv.,20211013,6140.00,6289.00,6000.00,6091.00,149448173222,24536706,3544,D,6161.00,6188.00
Saba.Tamin.Inv.,20211012,6397.00,6397.00,6109.00,6161.00,286615785627,46521035,5353,D,6430.00,6120.00
Saba.Tamin.Inv.,20211011,6520.00,6550.00,6375.00,6430.00,106867446103,16618965,3345,D,6428.00,6390.00
Saba.Tamin.Inv.,20211010,6490.00,6533.00,6322.00,6428.00,119151024548,18537131,3738,D,6575.00,6420.00
Saba.Tamin.Inv.,20211009,6731.00,6818.00,6472.00,6575.00,193109795656,29370462,4804,D,6757.00,6510.00
Saba.Tamin.Inv.,20211006,6700.00,6830.00,6690.00,6757.00,139313762759,20618760,3976,D,6779.00,6762.00
Saba.Tamin.Inv.,20211004,6860.00,6903.00,6700.00,6779.00,183216781686,27028658,4811,D,6827.00,6741.00
Saba.Tamin.Inv.,20211003,7000.00,7000.00,6760.00,6827.00,290189836670,42505479,4773,D,6978.00,6830.00
Saba.Tamin.Inv.,20211002,6940.00,7050.00,6850.00,6978.00,206106058729,29536951,4857,D,6824.00,6960.00
Saba.Tamin.Inv.,20210929,6755.00,6940.00,6700.00,6824.00,189980681269,27838634,5004,D,6873.00,6921.00
Saba.Tamin.Inv.,20210928,6949.00,7028.00,6780.00,6873.00,183147466691,26648445,5025,D,6997.00,6792.00
Saba.Tamin.Inv.,20210926,7230.00,7230.00,6870.00,6997.00,168189770688,24038550,5236,D,7065.00,6916.00
Saba.Tamin.Inv.,20210925,6920.00,7081.00,6920.00,7065.00,237471238134,33614447,4812,D,6744.00,7081.00
Saba.Tamin.Inv.,20210922,6900.00,6920.00,6552.00,6744.00,210233219912,31171961,6103,D,6728.00,6860.00
Saba.Tamin.Inv.,20210921,7090.00,7090.00,6704.00,6728.00,341962696302,50827934,6968,D,7056.00,6704.00
Saba.Tamin.Inv.,20210920,7200.00,7200.00,6942.00,7056.00,192783633209,27322997,5357,D,6978.00,6967.00
Saba.Tamin.Inv.,20210919,6867.00,7230.00,6750.00,6978.00,293057662083,41994560,7206,D,6933.00,7130.00
Saba.Tamin.Inv.,20210918,7126.00,7250.00,6862.00,6933.00,408411718006,58909327,7996,D,7223.00,6910.00
Saba.Tamin.Inv.,20210915,7391.00,7490.00,7150.00,7223.00,316196387538,43778320,10413,D,7504.00,7180.00
Saba.Tamin.Inv.,20210914,7350.00,7680.00,7350.00,7504.00,314853503902,41958954,9597,D,7481.00,7410.00
Saba.Tamin.Inv.,20210913,7502.00,7800.00,7454.00,7481.00,758016800094,101331817,12015,D,7846.00,7454.00
Saba.Tamin.Inv.,20210907,9700.00,9793.00,9520.00,9776.00,2653349957111,271410978,23673,D,9327.00,9793.00
Saba.Tamin.Inv.,20210906,9174.00,9648.00,9174.00,9327.00,2206123308285,236528206,22406,D,9656.00,9405.00
Saba.Tamin.Inv.,20210905,9656.00,9656.00,9656.00,9656.00,295510302456,30603801,3124,D,10164.00,9656.00
Saba.Tamin.Inv.,20210904,10090.00,10271.00,9930.00,10164.00,501673985444,49359992,8265,D,9782.00,10271.00
Saba.Tamin.Inv.,20210901,9782.00,9782.00,9601.00,9782.00,772061490360,78929887,5037,D,9317.00,9782.00
Saba.Tamin.Inv.,20210831,9120.00,9840.00,9097.00,9317.00,294309817257,31589560,5451,D,9575.00,9520.00
Saba.Tamin.Inv.,20210830,9720.00,9900.00,9504.00,9575.00,196495913917,20521670,3228,D,10004.00,9504.00
Saba.Tamin.Inv.,20210829,10389.00,10389.00,9814.00,10004.00,402543689741,40239771,8461,D,10330.00,9814.00
Saba.Tamin.Inv.,20210828,10134.00,10480.00,10080.00,10330.00,217594097598,21064510,4915,D,10134.00,10362.00
Saba.Tamin.Inv.,20210825,10420.00,10420.00,10020.00,10134.00,267529189734,26400135,6138,D,10250.00,10135.00
Saba.Tamin.Inv.,20210824,10310.00,10500.00,10167.00,10250.00,306718078153,29924650,6696,D,10172.00,10239.00
Saba.Tamin.Inv.,20210823,9984.00,10312.00,9850.00,10172.00,361649878763,35553038,6986,D,9822.00,10273.00
Saba.Tamin.Inv.,20210822,9600.00,9837.00,9489.00,9822.00,503750811456,51289340,4650,D,9369.00,9837.00
Saba.Tamin.Inv.,20210815,9188.00,9510.00,8980.00,9369.00,155109733082,16554754,3746,D,9189.00,9452.00
Saba.Tamin.Inv.,20210814,9400.00,9400.00,8911.00,9189.00,145665519161,15852443,4248,D,9190.00,9187.00
Saba.Tamin.Inv.,20210811,8949.00,9221.00,8850.00,9190.00,311431631371,33888052,5244,D,8782.00,9221.00
Saba.Tamin.Inv.,20210810,8850.00,8980.00,8630.00,8782.00,132690032693,15108509,3363,D,8660.00,8830.00
Saba.Tamin.Inv.,20210809,8656.00,8755.00,8577.00,8660.00,144408776270,16675099,3501,D,8698.00,8710.00
Saba.Tamin.Inv.,20210808,8700.00,8781.00,8584.00,8698.00,77645493075,8949628,2648,D,8740.00,8655.00
Saba.Tamin.Inv.,20210807,8820.00,8880.00,8681.00,8740.00,99232209222,11364397,2544,D,8781.00,8691.00
Saba.Tamin.Inv.,20210804,8655.00,8970.00,8532.00,8781.00,143338624102,16324556,3402,D,8655.00,8750.00
Saba.Tamin.Inv.,20210803,8530.00,8800.00,8530.00,8655.00,93954912492,10859359,2823,D,8666.00,8618.00
Saba.Tamin.Inv.,20210802,8550.00,8801.00,8550.00,8666.00,78313798965,9075679,2426,D,8736.00,8610.00
Saba.Tamin.Inv.,20210801,8987.00,9090.00,8610.00,8736.00,96448364450,11075032,2473,D,8846.00,8700.00
Saba.Tamin.Inv.,20210731,8680.00,9089.00,8680.00,8846.00,116376856159,13144146,3322,D,8692.00,8862.00
Saba.Tamin.Inv.,20210728,8600.00,8922.00,8555.00,8692.00,85869776664,9863659,3067,D,8655.00,8680.00
Saba.Tamin.Inv.,20210727,8645.00,8890.00,8550.00,8655.00,110489385280,12772029,3101,D,8738.00,8610.00
Saba.Tamin.Inv.,20210726,8920.00,8950.00,8664.00,8738.00,148467426291,16991740,4014,D,8917.00,8668.00
Saba.Tamin.Inv.,20210719,8880.00,9046.00,8730.00,8917.00,256329085606,28746032,5472,D,8672.00,8840.00
Saba.Tamin.Inv.,20210718,8700.00,8900.00,8450.00,8672.00,250607420561,28897724,4808,D,8699.00,8850.00
Saba.Tamin.Inv.,20210717,8694.00,8769.00,8422.00,8699.00,500095717088,57486082,7520,D,8352.00,8650.00
Saba.Tamin.Inv.,20210714,8199.00,8407.00,8131.00,8352.00,240296055214,28770688,4125,D,8007.00,8407.00
Saba.Tamin.Inv.,20210713,7900.00,8200.00,7825.00,8007.00,229970350484,28722728,4540,D,8035.00,8120.00
Saba.Tamin.Inv.,20210712,8140.00,8269.00,7840.00,8035.00,218058996912,27139563,4320,D,8133.00,7900.00
Saba.Tamin.Inv.,20210711,8030.00,8220.00,8030.00,8133.00,72898360890,8980527,2728,D,8158.00,8109.00
Saba.Tamin.Inv.,20210710,8076.00,8180.00,7990.00,8158.00,54170891637,6712801,1981,D,8234.00,8100.00
Saba.Tamin.Inv.,20210707,8365.00,8365.00,8070.00,8234.00,70588037938,8641488,2286,D,8334.00,8114.00
Saba.Tamin.Inv.,20210706,8250.00,8412.00,8190.00,8334.00,148165740350,17778847,2792,D,8106.00,8365.00
Saba.Tamin.Inv.,20210705,8150.00,8250.00,7990.00,8106.00,57555473819,7070386,2025,D,8073.00,8180.00
Saba.Tamin.Inv.,20210704,7850.00,8320.00,7801.00,8073.00,92629246412,11476517,2626,D,8080.00,8150.00
Saba.Tamin.Inv.,20210703,8440.00,8535.00,7978.00,8080.00,168961276196,20912316,3589,D,8397.00,7978.00
Saba.Tamin.Inv.,20210630,8161.00,8572.00,8161.00,8397.00,203816113522,24272447,3844,D,8257.00,8535.00
Saba.Tamin.Inv.,20210629,8204.00,8400.00,7960.00,8257.00,290485126791,35182212,5529,D,8164.00,8285.00
Saba.Tamin.Inv.,20210628,8166.00,8166.00,7949.00,8164.00,560394436032,68638840,4178,D,7778.00,8166.00
Saba.Tamin.Inv.,20210627,7891.00,7891.00,7891.00,7778.00,90852349874,11513414,757,D,7516.00,7891.00
Saba.Tamin.Inv.,20210626,7410.00,7641.00,7360.00,7516.00,86522688257,11349568,1239,D,7278.00,7641.00
Saba.Tamin.Inv.,20210623,7200.00,7442.00,7081.00,7278.00,111742289299,15314504,2983,D,7115.00,7415.00
Saba.Tamin.Inv.,20210622,7179.00,7261.00,7070.00,7115.00,42163928057,5882898,1570,D,7088.00,7176.00
Saba.Tamin.Inv.,20210621,6965.00,7190.00,6960.00,7088.00,38328812741,5400077,1497,D,7083.00,7114.00
Saba.Tamin.Inv.,20210620,7260.00,7260.00,6992.00,7083.00,45890087981,6478028,1603,D,7082.00,7070.00
Saba.Tamin.Inv.,20210619,6914.00,7360.00,6914.00,7082.00,56131753476,7854952,1963,D,7027.00,7168.00
Saba.Tamin.Inv.,20210616,6940.00,7040.00,6901.00,7027.00,24659239655,3555722,1702,D,7052.00,6960.00
Saba.Tamin.Inv.,20210615,7071.00,7120.00,6927.00,7052.00,36744542998,5259440,1760,D,7082.00,6940.00
Saba.Tamin.Inv.,20210614,7020.00,7150.00,6990.00,7082.00,41260079342,5853150,1746,D,7100.00,7091.00
Saba.Tamin.Inv.,20210613,6980.00,7100.00,6915.00,7100.00,18529439980,2645314,1320,D,7118.00,7030.00
Saba.Tamin.Inv.,20210612,7002.00,7151.00,6933.00,7118.00,37671589547,5374333,1657,D,7169.00,7008.00
Saba.Tamin.Inv.,20210609,7060.00,7149.00,7000.00,7169.00,25115089317,3569315,1319,D,7205.00,7085.00
Saba.Tamin.Inv.,20210608,7211.00,7350.00,7070.00,7205.00,64860691324,8994021,1983,D,7198.00,7110.00
Saba.Tamin.Inv.,20210607,7204.00,7348.00,7181.00,7198.00,34707088121,4791344,1806,D,7180.00,7246.00
Saba.Tamin.Inv.,20210602,6980.00,7240.00,6980.00,7180.00,35576067416,4953635,1543,D,7179.00,7204.00
Saba.Tamin.Inv.,20210601,7050.00,7190.00,7000.00,7179.00,21108388181,2991008,1149,D,7205.00,7090.00
Saba.Tamin.Inv.,20210531,7200.00,7269.00,7025.00,7205.00,19846612386,2787102,1104,D,7221.00,7100.00
Saba.Tamin.Inv.,20210530,7340.00,7480.00,7010.00,7221.00,61030739780,8389705,1998,D,7171.00,7238.00
Saba.Tamin.Inv.,20210529,7000.00,7320.00,7000.00,7171.00,90249249341,12453803,2631,D,6972.00,7320.00
Saba.Tamin.Inv.,20210526,6800.00,7120.00,6800.00,6972.00,21657572034,3098628,1872,D,6968.00,6948.00
Saba.Tamin.Inv.,20210525,6726.00,7120.00,6726.00,6968.00,38851564241,5544634,2394,D,6947.00,6952.00
Saba.Tamin.Inv.,20210524,6670.00,6990.00,6670.00,6947.00,35426715375,5197714,2051,D,7009.00,6870.00
Saba.Tamin.Inv.,20210523,6855.00,7026.00,6848.00,7009.00,64187624098,9352139,2090,D,7208.00,6851.00
Saba.Tamin.Inv.,20210522,7070.00,7200.00,7026.00,7208.00,58296656328,8292674,1043,D,7395.00,7026.00
Saba.Tamin.Inv.,20210519,7422.00,7422.00,7133.00,7395.00,25851394793,3582422,1636,D,7447.00,7230.00
Saba.Tamin.Inv.,20210518,7240.00,7460.00,7235.00,7447.00,28581800873,3902963,1417,D,7487.00,7325.00
Saba.Tamin.Inv.,20210517,7335.00,7570.00,7251.00,7487.00,24355750348,3300886,1354,D,7515.00,7294.00
Saba.Tamin.Inv.,20210516,7360.00,7580.00,7351.00,7515.00,31919830237,4291985,1547,D,7544.00,7407.00
Saba.Tamin.Inv.,20210515,7470.00,7650.00,7310.00,7544.00,27659369835,3688840,1721,D,7558.00,7430.00
Saba.Tamin.Inv.,20210512,7600.00,7600.00,7350.00,7558.00,30342354523,4045255,1162,D,7577.00,7490.00
Saba.Tamin.Inv.,20210511,7450.00,7800.00,7450.00,7577.00,77641295793,10130363,2127,D,7427.00,7700.00
Saba.Tamin.Inv.,20210510,7120.00,7660.00,7110.00,7427.00,122555668233,16500364,3000,D,7323.00,7540.00
Saba.Tamin.Inv.,20210509,7210.00,7281.00,7205.00,7323.00,54006339662,7495250,871,D,7427.00,7205.00
Saba.Tamin.Inv.,20210508,7402.00,7500.00,7281.00,7427.00,47727069068,6527539,1554,D,7506.00,7281.00
Saba.Tamin.Inv.,20210505,7330.00,7650.00,7308.00,7506.00,43651752932,5810948,1983,D,7503.00,7465.00
Saba.Tamin.Inv.,20210503,7340.00,7400.00,7338.00,7503.00,32373300857,4405651,1341,D,7563.00,7357.00
Saba.Tamin.Inv.,20210502,7460.00,7511.00,7410.00,7563.00,41167458123,5546302,1370,D,7639.00,7412.00
Saba.Tamin.Inv.,20210501,7800.00,7900.00,7470.00,7639.00,52404098329,6839710,2128,D,7622.00,7510.00
Saba.Tamin.Inv.,20210428,7450.00,7820.00,7450.00,7622.00,79773087888,10344489,2221,D,7456.00,7680.00
Saba.Tamin.Inv.,20210427,7470.00,7649.00,7431.00,7456.00,52507845637,6987967,2023,D,7410.00,7493.00
Saba.Tamin.Inv.,20210426,7220.00,7520.00,7220.00,7410.00,46715589154,6321854,2148,D,7424.00,7470.00
Saba.Tamin.Inv.,20210425,7299.00,7450.00,7269.00,7424.00,40140349892,5504607,1666,D,7493.00,7276.00
Saba.Tamin.Inv.,20210424,7410.00,7535.00,7358.00,7493.00,49124775207,6595539,1867,D,7524.00,7363.00
Saba.Tamin.Inv.,20210421,7461.00,7670.00,7400.00,7524.00,62373104090,8289566,2107,D,7523.00,7431.00
Saba.Tamin.Inv.,20210420,7460.00,7745.00,7450.00,7523.00,50172360166,6641758,2389,D,7500.00,7484.00
Saba.Tamin.Inv.,20210419,7392.00,7548.00,7392.00,7500.00,50213736999,6744681,2377,D,7542.00,7548.00
Saba.Tamin.Inv.,20210418,7476.00,7500.00,7476.00,7542.00,65869919353,8810767,1033,D,7628.00,7476.00
Saba.Tamin.Inv.,20210417,7556.00,7636.00,7548.00,7628.00,57394735311,7601563,1401,D,7702.00,7548.00
Saba.Tamin.Inv.,20210414,7620.00,7850.00,7572.00,7702.00,74467244926,9677965,2982,D,7715.00,7612.00
Saba.Tamin.Inv.,20210413,7850.00,7940.00,7620.00,7715.00,96308452725,12408855,3799,D,7526.00,7660.00
Saba.Tamin.Inv.,20210412,7470.00,7743.00,7434.00,7526.00,64160085605,8570713,2585,D,7575.00,7590.00
Saba.Tamin.Inv.,20210411,7520.00,7570.00,7517.00,7575.00,73591217092,9786974,2150,D,7670.00,7517.00
Saba.Tamin.Inv.,20210410,7620.00,7755.00,7601.00,7670.00,66943880833,8802954,1343,D,7756.00,7601.00
Saba.Tamin.Inv.,20210407,7670.00,7848.00,7650.00,7756.00,47219691865,6143032,2157,D,7805.00,7780.00
Saba.Tamin.Inv.,20210406,7920.00,8049.00,7660.00,7805.00,83105858932,10644175,3065,D,7798.00,7667.00
Saba.Tamin.Inv.,20210405,7563.00,7980.00,7563.00,7798.00,104069131425,13328638,3785,D,7715.00,7939.00
Saba.Tamin.Inv.,20210404,7715.00,7778.00,7715.00,7715.00,164557954142,21328719,1578,D,7872.00,7715.00
Saba.Tamin.Inv.,20210403,7901.00,7999.00,7870.00,7872.00,181802886123,23095733,2253,D,8030.00,7870.00
Saba.Tamin.Inv.,20210331,7945.00,8177.00,7921.00,8030.00,51704826259,6491599,2131,D,8082.00,7999.00
Saba.Tamin.Inv.,20210330,8140.00,8290.00,7970.00,8082.00,45648396349,5638974,2478,D,8073.00,8019.00
Saba.Tamin.Inv.,20210328,8120.00,8220.00,7998.00,8073.00,120075121819,14872956,3012,D,8161.00,8165.00
Saba.Tamin.Inv.,20210327,8210.00,8250.00,8117.00,8161.00,114745929595,14067358,3007,D,8282.00,8200.00
Saba.Tamin.Inv.,20210317,8540.00,8540.00,8100.00,8282.00,136710992069,16506814,4256,D,8237.00,8200.00
Saba.Tamin.Inv.,20210316,7989.00,8307.00,7890.00,8237.00,206996622116,25130179,4521,D,7837.00,8307.00
Saba.Tamin.Inv.,20210315,7760.00,7980.00,7630.00,7837.00,145695432435,18591244,4236,D,7742.00,7970.00
Saba.Tamin.Inv.,20210314,7635.00,7850.00,7560.00,7742.00,129602596608,16739872,4412,D,7496.00,7810.00
Saba.Tamin.Inv.,20210313,7175.00,7630.00,7115.00,7496.00,155267659289,20713583,5086,D,7204.00,7619.00
Saba.Tamin.Inv.,20210310,7130.00,7320.00,7100.00,7204.00,60531489612,8413645,2843,D,7214.00,7184.00
Saba.Tamin.Inv.,20210309,7273.00,7360.00,7010.00,7214.00,152710097731,21168455,5547,D,7128.00,7310.00
Saba.Tamin.Inv.,20210308,7039.00,7349.00,6970.00,7128.00,100757267923,14050849,4483,D,6942.00,7221.00
Saba.Tamin.Inv.,20210307,6700.00,7120.00,6700.00,6942.00,122092219548,17587763,4984,D,6819.00,7039.00
Saba.Tamin.Inv.,20210306,6840.00,6910.00,6803.00,6819.00,107982454757,15859875,2630,D,6941.00,6803.00
Saba.Tamin.Inv.,20210303,7005.00,7090.00,6862.00,6941.00,48708673720,7047851,3011,D,6963.00,6910.00
Saba.Tamin.Inv.,20210302,7070.00,7196.00,6900.00,6963.00,71782502588,10218813,4136,D,6869.00,7010.00
Saba.Tamin.Inv.,20210301,6740.00,7098.00,6736.00,6869.00,81698318173,11890629,4916,D,6863.00,6980.00
Saba.Tamin.Inv.,20210228,6831.00,6968.00,6831.00,6863.00,90556398985,13252532,3635,D,6970.00,6831.00
Saba.Tamin.Inv.,20210227,6978.00,7050.00,6968.00,6970.00,116411329696,16704826,2974,D,7110.00,6968.00
Saba.Tamin.Inv.,20210224,7241.00,7350.00,7087.00,7110.00,107971642458,15195730,4406,D,7231.00,7087.00
Saba.Tamin.Inv.,20210223,7186.00,7390.00,7186.00,7231.00,171547995227,23723035,3834,D,7332.00,7270.00
Saba.Tamin.Inv.,20210222,7266.00,7270.00,7266.00,7332.00,63610975431,8754416,1204,D,7414.00,7266.00
Saba.Tamin.Inv.,20210221,7337.00,7400.00,7337.00,7414.00,56562905834,7708923,906,D,7486.00,7337.00
Saba.Tamin.Inv.,20210220,7450.00,7530.00,7434.00,7486.00,78255002697,10522772,1398,D,7585.00,7434.00
Saba.Tamin.Inv.,20210217,7533.00,7640.00,7532.00,7585.00,77734331776,10315748,1658,D,7685.00,7532.00
Saba.Tamin.Inv.,20210216,7700.00,7797.00,7654.00,7685.00,97579647702,12741680,1946,D,7810.00,7654.00
Saba.Tamin.Inv.,20210215,7850.00,7900.00,7797.00,7810.00,115579165502,14810875,2304,D,7956.00,7797.00
Saba.Tamin.Inv.,20210214,8220.00,8220.00,7886.00,7956.00,109420704862,13772783,3168,D,8046.00,7886.00
Saba.Tamin.Inv.,20210213,7980.00,8200.00,7820.00,8046.00,220629333637,27419904,5817,D,7752.00,8199.00
Saba.Tamin.Inv.,20210209,7600.00,7880.00,7460.00,7752.00,174356932628,22492265,5005,D,7702.00,7799.00
Saba.Tamin.Inv.,20210208,8030.00,8063.00,7360.00,7702.00,230618468553,29941150,5834,D,7695.00,7655.00
Saba.Tamin.Inv.,20210207,7360.00,7718.00,7351.00,7695.00,133874366731,17398477,2758,D,7351.00,7718.00
Saba.Tamin.Inv.,20210206,7249.00,7897.00,7249.00,7351.00,102874100002,14057827,1585,D,7630.00,7249.00
Saba.Tamin.Inv.,20210203,7800.00,8069.00,7548.00,7630.00,177059872921,23206021,3295,D,7945.00,7548.00
Saba.Tamin.Inv.,20210202,8300.00,8490.00,7752.00,7945.00,493755578502,62143915,9418,D,8159.00,7880.00
Saba.Tamin.Inv.,20210201,8070.00,8191.00,7801.00,8159.00,583465267749,71509142,7828,D,7801.00,8191.00
Saba.Tamin.Inv.,20210131,7818.00,7818.00,7551.00,7801.00,627792039227,80475432,8322,D,7446.00,7818.00
Saba.Tamin.Inv.,20210130,7447.00,7447.00,7250.00,7446.00,232674992979,31247846,2727,D,7093.00,7447.00
Saba.Tamin.Inv.,20210127,6920.00,7300.00,6839.00,7093.00,137247278651,19348477,4713,D,7198.00,7180.00
Saba.Tamin.Inv.,20210126,7410.00,7527.00,7151.00,7198.00,140814918241,19561759,3337,D,7527.00,7151.00
Saba.Tamin.Inv.,20210125,7380.00,7810.00,7220.00,7527.00,179289363530,23819852,5206,D,7569.00,7430.00
Saba.Tamin.Inv.,20210124,7846.00,7846.00,7112.00,7569.00,375378918576,49594579,7812,D,7473.00,7266.00
Saba.Tamin.Inv.,20210123,7523.00,7524.00,7360.00,7473.00,110548268500,14710354,2656,D,7166.00,7524.00
Saba.Tamin.Inv.,20210120,7030.00,7214.00,6900.00,7166.00,110001348987,15303993,2691,D,6871.00,7214.00
Saba.Tamin.Inv.,20210119,6400.00,7020.00,6400.00,6871.00,227439934646,33099457,7144,D,6686.00,6980.00
Saba.Tamin.Inv.,20210118,6750.00,6999.00,6664.00,6686.00,109235126024,16341788,2722,D,7014.00,6664.00
Saba.Tamin.Inv.,20210116,7120.00,7450.00,6945.00,7014.00,154942591338,22091449,4334,D,7310.00,6945.00
Saba.Tamin.Inv.,20210113,7110.00,7650.00,6990.00,7310.00,232431994278,31797377,7586,D,7323.00,7270.00
Saba.Tamin.Inv.,20210112,7709.00,7709.00,7278.00,7323.00,160644048872,21936338,4651,D,7661.00,7278.00
Saba.Tamin.Inv.,20210111,7560.00,7709.00,7412.00,7661.00,286527418803,37398881,7128,D,7342.00,7709.00
Saba.Tamin.Inv.,20210110,7300.00,7415.00,7151.00,7342.00,149498412174,20362910,5695,D,7062.00,7415.00
Saba.Tamin.Inv.,20210109,7001.00,7370.00,6903.00,7062.00,127525904711,18059121,7191,D,7197.00,7210.00
Saba.Tamin.Inv.,20210106,7395.00,7395.00,7153.00,7197.00,150305931813,20883535,7251,D,7528.00,7200.00
Saba.Tamin.Inv.,20210105,7880.00,7880.00,7400.00,7528.00,130951007026,17395200,6566,D,7781.00,7440.00
Saba.Tamin.Inv.,20210104,7591.00,7900.00,7580.00,7781.00,136602795657,17556413,6137,D,7565.00,7825.00
Saba.Tamin.Inv.,20210103,7300.00,7849.00,7260.00,7565.00,128570670445,16994831,7066,D,7555.00,7699.00
Saba.Tamin.Inv.,20210102,7730.00,7772.00,7539.00,7555.00,166089711731,21984569,5737,D,7935.00,7539.00
Saba.Tamin.Inv.,20201230,8088.00,8110.00,7790.00,7935.00,151504458942,19092928,6945,D,8179.00,7795.00
Saba.Tamin.Inv.,20201229,8501.00,8550.00,8080.00,8179.00,136226281120,16655992,5756,D,8424.00,8200.00
Saba.Tamin.Inv.,20201228,8360.00,8600.00,8300.00,8424.00,154437365659,18332191,6495,D,8274.00,8448.00
Saba.Tamin.Inv.,20201227,8010.00,8496.00,8010.00,8274.00,201495831568,24351545,8107,D,8144.00,8360.00
Saba.Tamin.Inv.,20201226,8410.00,8450.00,8058.00,8144.00,226844392408,27855254,9466,D,8482.00,8163.00
Saba.Tamin.Inv.,20201223,8720.00,8720.00,8380.00,8482.00,180827173294,21319419,7358,D,8600.00,8417.00
Saba.Tamin.Inv.,20201222,8540.00,8790.00,8444.00,8600.00,184346074337,21435852,7417,D,8606.00,8610.00
Saba.Tamin.Inv.,20201221,8600.00,8980.00,8421.00,8606.00,172941674045,20095523,6103,D,8726.00,8494.00
Saba.Tamin.Inv.,20201220,9000.00,9099.00,8500.00,8726.00,161219076965,18474944,5928,D,8806.00,8600.00
Saba.Tamin.Inv.,20201219,8798.00,8853.00,8450.00,8806.00,261598377781,29707220,6698,D,8432.00,8853.00
Saba.Tamin.Inv.,20201216,8066.00,8850.00,8056.00,8432.00,388545509210,46079777,10751,D,8479.00,8713.00
Saba.Tamin.Inv.,20201215,8440.00,8665.00,8419.00,8479.00,93692564800,11116330,2012,D,8862.00,8419.00
Saba.Tamin.Inv.,20201214,9078.00,9390.00,8700.00,8862.00,261278332431,29484064,8179,D,9157.00,8700.00
Saba.Tamin.Inv.,20201213,9220.00,9481.00,9078.00,9157.00,226790322716,24767644,8559,D,9555.00,9078.00
Saba.Tamin.Inv.,20201212,9710.00,9887.00,9192.00,9555.00,241869676337,25312764,9334,D,9526.00,9320.00
Saba.Tamin.Inv.,20201209,9180.00,9720.00,9100.00,9526.00,341518802426,35850205,12590,D,9262.00,9680.00
Saba.Tamin.Inv.,20201208,9280.00,9600.00,9110.00,9262.00,216418600979,23365225,9861,D,9586.00,9172.00
Saba.Tamin.Inv.,20201207,9932.00,9937.00,9348.00,9586.00,362917543777,37859212,9729,D,9840.00,9348.00
Saba.Tamin.Inv.,20201206,9746.00,10047.00,9690.00,9840.00,385499974618,39178728,10624,D,9647.00,9939.00
Saba.Tamin.Inv.,20201205,9450.00,9920.00,9280.00,9647.00,264310906720,27398092,8145,D,9492.00,9720.00
Saba.Tamin.Inv.,20201202,9390.00,9760.00,9040.00,9492.00,367271813414,38694476,12120,D,9417.00,9528.00
Saba.Tamin.Inv.,20201201,9200.00,9577.00,8800.00,9417.00,506990763970,53836277,13601,D,9121.00,9336.00
Saba.Tamin.Inv.,20201130,9150.00,9150.00,8994.00,9121.00,340040497417,37282154,8432,D,8715.00,9150.00
Saba.Tamin.Inv.,20201129,8530.00,8723.00,8530.00,8715.00,173322828320,19886931,4082,D,8308.00,8723.00
Saba.Tamin.Inv.,20201128,7900.00,8520.00,7875.00,8308.00,290025013412,34908241,10240,D,8123.00,8400.00
Saba.Tamin.Inv.,20201125,7900.00,8290.00,7850.00,8123.00,175899761462,21654309,8049,D,8120.00,8160.00
Saba.Tamin.Inv.,20201124,8385.00,8385.00,7891.00,8120.00,259501487545,31957820,9049,D,8233.00,7975.00
Saba.Tamin.Inv.,20201123,8005.00,8451.00,8005.00,8233.00,184028063654,22352413,8469,D,8224.00,8270.00
Saba.Tamin.Inv.,20201122,8141.00,8520.00,8141.00,8224.00,250331514156,30437424,8146,D,8569.00,8150.00
Saba.Tamin.Inv.,20201121,9066.00,9066.00,8204.00,8569.00,442573119790,51647285,13477,D,8635.00,8227.00
Saba.Tamin.Inv.,20201118,8600.00,8731.00,8300.00,8635.00,281949981608,32652195,8610,D,8316.00,8731.00
Saba.Tamin.Inv.,20201117,8110.00,8363.00,7971.00,8316.00,386199358604,46439648,10156,D,7965.00,8363.00
Saba.Tamin.Inv.,20201116,7720.00,8081.00,7390.00,7965.00,324532110299,40745267,10920,D,7697.00,8081.00
Saba.Tamin.Inv.,20201115,7903.00,7903.00,7420.00,7697.00,305668080311,39715007,10420,D,7527.00,7600.00
Saba.Tamin.Inv.,20201114,7449.00,7566.00,7206.00,7527.00,155275960056,20628593,4652,D,7206.00,7566.00
Saba.Tamin.Inv.,20201111,7350.00,7420.00,7010.00,7206.00,235857317582,32729074,9801,D,7355.00,7340.00
Saba.Tamin.Inv.,20201110,7451.00,7790.00,7251.00,7355.00,300558841515,40863111,9039,D,7632.00,7252.00
Saba.Tamin.Inv.,20201109,7632.00,7700.00,7632.00,7632.00,166548463594,21821821,2838,D,8033.00,7632.00
Saba.Tamin.Inv.,20201108,7752.00,7752.00,7752.00,8033.00,35220948432,4543466,530,D,8160.00,7752.00
Saba.Tamin.Inv.,20201107,7822.00,7822.00,7822.00,8160.00,20167916276,2578358,788,D,8233.00,7822.00
Saba.Tamin.Inv.,20201104,7894.00,8265.00,7872.00,8233.00,283573577546,34443830,8528,D,7872.00,8265.00
Saba.Tamin.Inv.,20201102,7903.00,8200.00,7840.00,7872.00,253930458202,32256881,9149,D,8252.00,7840.00
Saba.Tamin.Inv.,20201101,8420.00,8489.00,8243.00,8252.00,223078679671,27033099,5161,D,8676.00,8243.00
Saba.Tamin.Inv.,20201031,8520.00,8930.00,8419.00,8676.00,411424113372,47420100,15039,D,8649.00,8550.00
Saba.Tamin.Inv.,20201028,8634.00,8803.00,8634.00,8649.00,642686058723,74307367,17188,D,9088.00,8652.00
Saba.Tamin.Inv.,20201027,8693.00,8693.00,8693.00,9088.00,14905678468,1714676,620,D,9150.00,8693.00
Saba.Tamin.Inv.,20201026,8764.00,8764.00,8764.00,9150.00,18118649780,2067395,681,D,9225.00,8764.00
Saba.Tamin.Inv.,20201024,9000.00,9300.00,8989.00,9225.00,61581837775,6826649,1941,D,9462.00,8989.00
Saba.Tamin.Inv.,20201021,9660.00,10000.00,9329.00,9462.00,624515734780,66005335,16320,D,9820.00,9329.00
Saba.Tamin.Inv.,20201020,9502.00,9502.00,9502.00,9820.00,39558802416,4163208,1063,D,10002.00,9502.00
Saba.Tamin.Inv.,20201019,9567.00,9567.00,9567.00,10002.00,14873384385,1554655,697,D,10070.00,9567.00
Saba.Tamin.Inv.,20201018,10000.00,10301.00,9956.00,10070.00,96000305588,9608832,3494,D,10480.00,9956.00
Saba.Tamin.Inv.,20201014,10760.00,10760.00,10357.00,10480.00,93697328948,9014625,3530,D,10902.00,10357.00
Saba.Tamin.Inv.,20201013,10580.00,11361.00,10580.00,10902.00,298890445955,27416624,9671,D,10871.00,10696.00
Saba.Tamin.Inv.,20201012,10790.00,11170.00,10770.00,10871.00,218456209364,20095091,7761,D,11336.00,10770.00
Saba.Tamin.Inv.,20201011,11400.00,11750.00,10804.00,11336.00,638211511887,56297050,20949,D,11204.00,10902.00
Saba.Tamin.Inv.,20201010,11099.00,11550.00,10700.00,11204.00,586477574589,52346080,17985,D,11052.00,11139.00
Saba.Tamin.Inv.,20201007,11000.00,11099.00,10631.00,11052.00,796794932454,72094218,19079,D,10571.00,11099.00
Saba.Tamin.Inv.,20201005,10390.00,10390.00,10390.00,10571.00,70539538640,6789176,1693,D,10936.00,10390.00
Saba.Tamin.Inv.,20201004,11200.00,11200.00,10883.00,10936.00,175198535016,16020890,5210,D,11455.00,10883.00
Saba.Tamin.Inv.,20201003,11520.00,11980.00,11218.00,11455.00,1170410205837,102177505,29970,D,11808.00,11330.00
Saba.Tamin.Inv.,20200930,12290.00,12530.00,11592.00,11808.00,822545223328,69658936,19194,D,12202.00,11592.00
Saba.Tamin.Inv.,20200929,12066.00,12990.00,12066.00,12202.00,1105535405844,90601785,21014,D,12701.00,12091.00
Saba.Tamin.Inv.,20200928,12274.00,12274.00,12274.00,12701.00,40361625216,3288384,1162,D,12919.00,12274.00
Saba.Tamin.Inv.,20200927,13614.00,13614.00,12318.00,12919.00,1846654510087,142944517,29560,D,12966.00,12501.00
Saba.Tamin.Inv.,20200926,12966.00,12966.00,12966.00,12966.00,162943255224,12566964,2773,D,12349.00,12966.00
Saba.Tamin.Inv.,20200923,12349.00,12349.00,12349.00,12349.00,189182925904,15319696,3183,D,11761.00,12349.00
Saba.Tamin.Inv.,20200922,11735.00,11800.00,11275.00,11761.00,927355294694,78850263,17901,D,11239.00,11800.00
Saba.Tamin.Inv.,20200921,11000.00,11560.00,10600.00,11239.00,1048530159252,93291416,24876,D,11013.00,11559.00
Saba.Tamin.Inv.,20200920,10780.00,11135.00,10600.00,11013.00,1238766933527,112486256,36738,D,10605.00,11135.00
Saba.Tamin.Inv.,20200919,10710.00,10710.00,10710.00,10605.00,111000292830,10364173,1105,D,9959.00,10710.00
Saba.Tamin.Inv.,20200826,32537.00,32537.00,32537.00,32537.00,306059615870,9406510,4150,D,30988.00,32537.00
Saba.Tamin.Inv.,20200825,30890.00,31114.00,30150.00,30988.00,311807332299,10062242,6282,D,29633.00,31114.00
Saba.Tamin.Inv.,20200824,31036.00,32490.00,29485.00,29633.00,2200320389366,74252681,24949,D,31036.00,29900.00
Saba.Tamin.Inv.,20200823,31650.00,32600.00,30989.00,31036.00,2146517505588,69162398,22689,D,32620.00,30998.00
Saba.Tamin.Inv.,20200822,34240.00,35610.00,32285.00,32620.00,1352284854977,41456025,19901,D,33984.00,32289.00
Saba.Tamin.Inv.,20200819,33871.00,33871.00,33871.00,33984.00,84041571975,2481225,2106,D,35653.00,33871.00
Saba.Tamin.Inv.,20200818,36336.00,36336.00,33500.00,35653.00,1219339432468,34200312,24454,D,34606.00,34607.00
Saba.Tamin.Inv.,20200817,33000.00,36240.00,32965.00,34606.00,2496212339103,72132688,37742,D,34695.00,35360.00
Saba.Tamin.Inv.,20200816,34061.00,34061.00,34061.00,34695.00,58307220667,1711847,1442,D,35853.00,34061.00
Saba.Tamin.Inv.,20200815,35853.00,35853.00,35853.00,35853.00,205163880639,5722363,4014,D,37740.00,35853.00
Saba.Tamin.Inv.,20200812,38900.00,39910.00,36931.00,37740.00,1497961900846,39691479,20769,D,38874.00,36931.00
Saba.Tamin.Inv.,20200811,38874.00,38874.00,38874.00,38874.00,112188459174,2885951,1950,D,40919.00,38874.00
Saba.Tamin.Inv.,20200810,40919.00,40919.00,40919.00,40919.00,392405558147,9589813,7287,D,43072.00,40919.00
Saba.Tamin.Inv.,20200809,44010.00,46200.00,41810.00,43072.00,2597297921200,60301175,41364,D,41328.00,41810.00
Saba.Tamin.Inv.,20200805,41380.00,41408.00,39860.00,41328.00,835411537866,20213964,15801,D,39437.00,41408.00
Saba.Tamin.Inv.,20200804,38250.00,39599.00,37800.00,39437.00,2208784501802,56007435,29939,D,37714.00,39599.00
Saba.Tamin.Inv.,20200803,37899.00,37905.00,36110.00,37714.00,2145238085839,56881994,27066,D,36100.00,37905.00
Saba.Tamin.Inv.,20200802,36100.00,36100.00,36100.00,36100.00,1052163055100,29145791,10780,D,34381.00,36100.00
Saba.Tamin.Inv.,20200801,34381.00,34381.00,34300.00,34381.00,920751554250,26781165,12514,D,32744.00,34381.00
Saba.Tamin.Inv.,20200729,33230.00,34800.00,32376.00,32744.00,1568149598890,47891812,42384,D,34079.00,33000.00
Saba.Tamin.Inv.,20200728,35000.00,35890.00,33175.00,34079.00,1824999729994,53552381,41263,D,34921.00,33175.00
Saba.Tamin.Inv.,20200727,35500.00,36622.00,34791.00,34921.00,1693432942990,48492660,30557,D,36622.00,34791.00
Saba.Tamin.Inv.,20200726,37700.00,38000.00,36317.00,36622.00,1406245940665,38398501,26099,D,38228.00,36317.00
Saba.Tamin.Inv.,20200725,38300.00,38391.00,37000.00,38228.00,2656979358870,69503530,39305,D,36563.00,37400.00
Saba.Tamin.Inv.,20200722,36850.00,37249.00,35622.00,36563.00,2063894813012,56447910,39103,D,35476.00,37220.00
Saba.Tamin.Inv.,20200721,34736.00,36990.00,34736.00,35476.00,3191206680125,89954028,49626,D,36564.00,36000.00
Saba.Tamin.Inv.,20200720,37000.00,37237.00,35000.00,36564.00,2663868982991,72854853,44941,D,35464.00,35500.00
Saba.Tamin.Inv.,20200719,34200.00,35688.00,34200.00,35464.00,1948789899305,54951057,31256,D,33989.00,35688.00
Saba.Tamin.Inv.,20200718,33989.00,33989.00,33989.00,33989.00,213120444953,6270277,5816,D,35777.00,33989.00
Saba.Tamin.Inv.,20200715,35777.00,35777.00,35777.00,35777.00,655569268851,18323763,11566,D,37660.00,35777.00
Saba.Tamin.Inv.,20200714,36850.00,39900.00,36709.00,37660.00,2766473061004,73458668,45276,D,38641.00,36709.00
Saba.Tamin.Inv.,20200713,38200.00,40300.00,37100.00,38641.00,3852664366576,99704179,63484,D,38846.00,37600.00
Saba.Tamin.Inv.,20200712,38909.00,38909.00,37000.00,38846.00,2247378389633,57853683,22468,D,37057.00,38909.00
Saba.Tamin.Inv.,20200711,35890.00,37710.00,34150.00,37057.00,1326010669273,35782906,18885,D,35915.00,37710.00
Saba.Tamin.Inv.,20200708,36192.00,36192.00,32746.00,35915.00,4043984162922,112598156,41142,D,34469.00,36192.00
Saba.Tamin.Inv.,20200707,34469.00,34469.00,34469.00,34469.00,897091572760,26026040,10385,D,32828.00,34469.00
Saba.Tamin.Inv.,20200706,32828.00,32828.00,32811.00,32828.00,634758983868,19335922,10277,D,31265.00,32828.00
Saba.Tamin.Inv.,20200705,29500.00,31993.00,29200.00,31265.00,2182695916582,69812625,40687,D,30470.00,31993.00
Saba.Tamin.Inv.,20200704,32150.00,32150.00,29278.00,30470.00,2639601179909,86630513,48426,D,30818.00,29710.00
Saba.Tamin.Inv.,20200701,30748.00,30857.00,30211.00,30818.00,1037940003107,33679808,32269,D,29388.00,30857.00
Saba.Tamin.Inv.,20200630,28721.00,29445.00,28721.00,29388.00,1011632496907,34423109,38011,D,28043.00,29445.00
Saba.Tamin.Inv.,20200629,27811.00,28800.00,27796.00,28043.00,1583614544836,56471493,44335,D,29258.00,28127.00
Saba.Tamin.Inv.,20200628,30850.00,30850.00,27987.00,29258.00,2137980771708,73073197,38247,D,29459.00,28500.00
Saba.Tamin.Inv.,20200627,28990.00,29549.00,28950.00,29459.00,1211676297891,41131253,19765,D,28142.00,29549.00
Saba.Tamin.Inv.,20200624,27033.00,28999.00,27033.00,28142.00,1827836077535,64951227,37545,D,28454.00,28340.00
Saba.Tamin.Inv.,20200623,28000.00,28759.00,26800.00,28454.00,2421353702611,85097464,38165,D,27390.00,27042.00
Saba.Tamin.Inv.,20200622,26988.00,27667.00,26360.00,27390.00,1597964536416,58341936,34642,D,26350.00,27667.00
Saba.Tamin.Inv.,20200621,26298.00,26588.00,25710.00,26350.00,1374045463325,52145038,25256,D,25322.00,26588.00
Saba.Tamin.Inv.,20200620,24900.00,25537.00,24450.00,25322.00,1603307930348,63315807,40107,D,24321.00,25537.00
Saba.Tamin.Inv.,20200616,23670.00,24970.00,23560.00,24321.00,1796210185721,73853381,49363,D,24120.00,24400.00
Saba.Tamin.Inv.,20200615,24004.00,25000.00,23400.00,24120.00,1410598060663,58482017,42411,D,24038.00,23791.00
Saba.Tamin.Inv.,20200614,25000.00,25000.00,23300.00,24038.00,1553528182835,64626801,43106,D,24492.00,24107.00
Saba.Tamin.Inv.,20200613,24130.00,24627.00,23712.00,24492.00,939547787235,38361318,27791,D,23455.00,24627.00
Saba.Tamin.Inv.,20200610,23201.00,23970.00,23129.00,23455.00,1447823545115,61728871,46285,D,23320.00,23710.00
Saba.Tamin.Inv.,20200609,23850.00,24500.00,23015.00,23320.00,1651886919882,70835343,47474,D,24226.00,23025.00
Saba.Tamin.Inv.,20200608,24100.00,25109.00,23855.00,24226.00,1859222675551,76744885,42720,D,25110.00,23855.00
Saba.Tamin.Inv.,20200607,25162.00,25165.00,24600.00,25110.00,1464091791153,58307907,37739,D,23967.00,24652.00
Saba.Tamin.Inv.,20200606,23649.00,24120.00,23050.00,23967.00,1023152054905,42690299,30573,D,22972.00,24120.00
Saba.Tamin.Inv.,20200602,22222.00,23200.00,22100.00,22972.00,1614742043769,70293098,41607,D,22096.00,23200.00
Saba.Tamin.Inv.,20200601,21808.00,23000.00,21610.00,22096.00,1134216623688,51330496,40233,D,22465.00,21998.00
Saba.Tamin.Inv.,20200531,23450.00,23620.00,21400.00,22465.00,1466054132879,65258330,45524,D,22515.00,22015.00
Saba.Tamin.Inv.,20200530,22450.00,22573.00,22000.00,22515.00,749872157708,33305327,24204,D,21499.00,22573.00
Saba.Tamin.Inv.,20200527,20330.00,22199.00,20330.00,21499.00,1341458345302,62396860,73912,D,21400.00,21990.00
Saba.Tamin.Inv.,20200526,22300.00,22500.00,20898.00,21400.00,1345074412089,62852559,54599,D,21997.00,20898.00
Saba.Tamin.Inv.,20200523,21190.00,22203.00,21146.00,21636.00,6459782223107,298568736,161138,D,21146.00,22203.00
Saba.Tamin.Inv.,20200520,21600.00,22550.00,21046.00,21146.00,2539295571583,120082788,129744,D,22153.00,21046.00
Saba.Tamin.Inv.,20200519,23500.00,23500.00,21915.00,22153.00,4340227476209,195922114,203995,D,23068.00,21915.00
Saba.Tamin.Inv.,20200518,22243.00,23355.00,21131.00,23068.00,2291739310986,99346907,86700,D,22243.00,23355.00
Saba.Tamin.Inv.,20200517,22243.00,22243.00,22243.00,22243.00,117144872585,5266595,2936,D,23413.00,22243.00
Saba.Tamin.Inv.,20200516,22796.00,22796.00,22796.00,23413.00,46139833472,2024032,1855,D,23995.00,22796.00
Saba.Tamin.Inv.,20200513,23995.00,23995.00,23995.00,23995.00,174858211615,7287277,5020,D,25257.00,23995.00
Saba.Tamin.Inv.,20200512,26330.00,26330.00,25257.00,25257.00,97729193599,3869339,3418,D,26586.00,25257.00
Saba.Tamin.Inv.,20200511,26961.00,26961.00,26586.00,26586.00,445468394583,16755703,12244,D,27985.00,26586.00
Saba.Tamin.Inv.,20200510,28252.00,29797.00,26961.00,27985.00,4110393962382,146876225,142529,D,28379.00,26961.00
Saba.Tamin.Inv.,20200509,27710.00,29095.00,27710.00,28379.00,2626241486608,92540938,87205,D,26391.00,28220.00
Saba.Tamin.Inv.,20200506,25013.00,27542.00,24920.00,26391.00,3587281896301,135926532,104089,D,26231.00,26200.00
Saba.Tamin.Inv.,20200505,26682.00,28016.00,25348.00,26231.00,2443771833635,93164575,47811,D,26682.00,25348.00
Saba.Tamin.Inv.,20200504,26682.00,26682.00,26682.00,26682.00,214858165782,8052551,10267,D,25412.00,26682.00
Saba.Tamin.Inv.,20200503,25412.00,25412.00,25412.00,25412.00,217074132280,8542190,9762,D,24202.00,25412.00
Saba.Tamin.Inv.,20200502,24202.00,24202.00,24202.00,24202.00,199356593390,8237195,11718,D,23050.00,24202.00
Saba.Tamin.Inv.,20200429,23050.00,23050.00,23050.00,23050.00,1119714694200,48577644,19025,D,21953.00,23050.00
Saba.Tamin.Inv.,20200428,21961.00,21961.00,19871.00,21953.00,5844658487887,266234309,208295,D,20916.00,21961.00
Saba.Tamin.Inv.,20200427,20916.00,20916.00,20916.00,20916.00,490966768908,23473263,11093,D,19920.00,20916.00
Saba.Tamin.Inv.,20200426,19023.00,19974.00,19023.00,19920.00,585464264667,29391481,15615,D,18118.00,19974.00
Saba.Tamin.Inv.,20200422,18118.00,18118.00,18118.00,18118.00,111075823302,6130689,6402,D,17256.00,18118.00
Saba.Tamin.Inv.,20200421,17374.00,17374.00,17374.00,17256.00,89321454026,5141099,5200,D,16547.00,17374.00
Saba.Tamin.Inv.,20200420,16824.00,16824.00,16824.00,16547.00,66054254208,3926192,6274,D,16023.00,16824.00
Saba.Tamin.Inv.,20200419,16023.00,16023.00,16023.00,16023.00,126364636419,7886453,10288,D,15260.00,16023.00
Saba.Tamin.Inv.,20200418,15519.00,15519.00,15519.00,15260.00,60518994249,3899671,6278,D,14780.00,15519.00
Saba.Tamin.Inv.,20200415,14077.00,14780.00,14780.00,14780.00,146537211580,9914561,14321,D,14077.00,14780.00
Saba.Tamin.Inv.,20200414,14077.00,14077.00,14077.00,14077.00,249217518760,17703880,25156,D,13407.00,14077.00
Saba.Tamin.Inv.,20200413,13407.00,13407.00,13407.00,13407.00,81332533161,6066423,4526,D,12769.00,13407.00
Saba.Tamin.Inv.,20200412,12769.00,12769.00,12769.00,12769.00,733320260677,57429733,5641,D,12161.00,12769.00
Saba.Tamin.Inv.,20200411,12600.00,12600.00,12600.00,12161.00,20227788000,1605380,2918,D,12000.00,12600.00
Saba.Tamin.Inv.,20200408,12000.00,12000.00,12000.00,12000.00,17999990268000,1499999189,1930838,D,1000.00,12000.00
